{
  "test_rmse": 41.49495993095484,
  "test_mae": 34.17942910565588,
  "test_r2": 0.8927552175531392,
  "train_rmse": 25.99711656487427,
  "train_mae": 19.61221540296401,
  "train_r2": 0.9906506402285288,
  "test_samples": 334,
  "train_samples": 1332
}