{
  "test_rmse": 41.494959343890564,
  "test_mae": 34.1794287401759,
  "test_r2": 0.8927552205877045,
  "train_rmse": 25.997116284896098,
  "train_mae": 19.612215265497444,
  "train_r2": 0.9906506404299062,
  "test_samples": 334,
  "train_samples": 1332
}