{
  "loss": [
    0.028135625645518303,
    0.00296965055167675,
    0.002709941240027547,
    0.002689848653972149,
    0.002306536305695772,
    0.0025894232094287872,
    0.002361695049330592,
    0.0021770361345261335,
    0.002299180254340172,
    0.0019823224283754826,
    0.002258693566545844,
    0.0021759681403636932,
    0.0018878033151850104,
    0.001882377895526588,
    0.0017461067764088511,
    0.0016919829649850726,
    0.0018556121503934264,
    0.0018846909515559673,
    0.0020116812083870173,
    0.0016997496131807566,
    0.001987038180232048,
    0.001579809351824224,
    0.0017282189801335335,
    0.0016593227628618479,
    0.0015772923361510038,
    0.001557966461405158,
    0.0014357167528942227,
    0.0014379920903593302,
    0.0014254325069487095,
    0.0016491772839799523,
    0.0014329542173072696,
    0.001495388220064342,
    0.0013396082213148475,
    0.0014041977701708674,
    0.0013800003798678517,
    0.0013405197532847524,
    0.0011928302701562643,
    0.001326650963164866,
    0.001319689443334937,
    0.001602918142452836,
    0.0012550948886200786,
    0.0013792193494737148,
    0.0013805341441184282,
    0.001201685518026352,
    0.0011991154169663787,
    0.0012292194878682494,
    0.0011513381032273173,
    0.0011040156241506338,
    0.0012403561268001795,
    0.0011592471273615956
  ],
  "val_loss": [
    0.007118712645024061,
    0.0011727132368832827,
    0.0012798410607501864,
    0.0010168488370254636,
    0.0010121348313987255,
    0.0009714784100651741,
    0.0017712678527459502,
    0.0009635911555960774,
    0.0017497471999377012,
    0.0010602984111756086,
    0.00354626402258873,
    0.0010013378923758864,
    0.000992470420897007,
    0.002289732452481985,
    0.0012131293769925833,
    0.0007719044224359095,
    0.0016853504348546267,
    0.0014418514911085367,
    0.0014246947830542922,
    0.003038867609575391,
    0.001523604616522789,
    0.0007576550706289709,
    0.0012798055540770292,
    0.0010249892948195338,
    0.0007832495612092316,
    0.0007701557478867471,
    0.0008490674663335085,
    0.0034878854639828205,
    0.0008221982279792428,
    0.0007579769007861614,
    0.001545693725347519,
    0.0007593270274810493,
    0.0009706843993626535,
    0.0008232955005951226,
    0.0006416509859263897,
    0.000932231021579355,
    0.0005872507463209331,
    0.000658143253531307,
    0.0006665698601864278,
    0.0014261614996939898,
    0.0009195928578265011,
    0.001960913883522153,
    0.0008254189742729068,
    0.0007211243500933051,
    0.0006951055838726461,
    0.0005238621961325407,
    0.0010713686933740973,
    0.0015746299177408218,
    0.0005150020588189363,
    0.001197266741655767
  ]
}